{
  "test_accuracy": 0.5516666666666666,
  "test_precision": 0.5621068237368273,
  "test_recall": 0.5516666666666666,
  "test_f1_score": 0.5319989213358038,
  "test_auc_roc": 0.6086611111111111,
  "best_val_accuracy": 56.333333333333336,
  "total_epochs": 5,
  "predictions": [
    