{
  "train_losses": [
    0.6955568885046338,
    0.682012488917699,
    0.6733339835727026,
    0.6812267199395194,
    0.6688129315300594,
    0.6644833873188685,
    0.6583316515362452,
    0.6692389703932262,
    0.6530022781992716,
    0.6579205933071318
  ],
  "train_accuracies": [
    54.5,
    57.7,
    59.65,
    58.1,
    61.0,
    59.95,
    60.35,
    61.05,
    62.55,
    61.8
  ],
  "val_losses": [
    0.6774379977813134,
    0.6806499912188604,
    0.7025763713396512,
    0.6773267067395724,
    0.6711516609558692,
    0.6838786922968351,
    0.6724036794442397,
    0.6834514370331397,
    0.7090966884906476,
    0.6707700949448806
  ],
  "val_accuracies": [
    59.25,
    58.5,
    52.0,
    57.5,
    59.75,
    61.75,
    59.0,
    57.5,
    56.0,
    59.75
  ],
  "test_accuracy": 63.24999999999999,
  "best_val_accuracy": 61.75,
  "final_train_accuracy": 61.8,
  "final_val_accuracy": 59.75
}