{
  "train_losses": [
    0.6933057135151278,
    0.6929355020164162,
    0.691293070393224,
    0.6868889370272236,
    0.6864465718628258
  ],
  "train_accuracies": [
    52.553763440860216,
    50.94086021505376,
    53.19220430107527,
    54.200268817204304,
    54.03225806451613
  ],
  "val_losses": [
    0.6897289878443668,
    0.6890545518774736,
    0.686200179551777,
    0.6830327322608546,
    0.6908033427439237
  ],
  "val_accuracies": [
    53.5,
    55.5,
    54.5,
    56.666666666666664,
    56.0
  ],
  "learning_rates": [
    0.001,
    0.001,
    0.001,
    0.001,
    0.001
  ],
  "epoch_times": [
    275.508287191391,
    355.6774311065674,
    373.6160669326782,
    385.8261778354645,
    396.49371314048767
  ],
  "best_val_accuracy": 56.666666666666664,
  "best_epoch": 3,
  "total_epochs": 5,
  "final_train_accuracy": 54.03225806451613,
  "final_val_accuracy": 56.0
}