{
  "train_losses": [
    0.6934511635893135,
    0.6895386685607254,
    0.6900560977638409,
    0.6880259334400136,
    0.6851026095369811
  ],
  "train_accuracies": [
    51.00806451612903,
    55.57795698924731,
    54.469086021505376,
    55.645161290322584,
    56.04838709677419
  ],
  "val_losses": [
    0.6868827625324851,
    0.6891967026810897,
    0.7005527521434584,
    0.6842549725582725,
    0.6824275129719785
  ],
  "val_accuracies": [
    55.0,
    52.666666666666664,
    54.666666666666664,
    56.333333333333336,
    56.0
  ],
  "learning_rates": [
    0.001,
    0.001,
    0.001,
    0.001,
    0.001
  ],
  "epoch_times": [
    111.74314498901367,
    108.36492991447449,
    322.3057961463928,
    110.63296103477478,
    108.82998991012573
  ],
  "best_val_accuracy": 56.333333333333336,
  "best_epoch": 3,
  "total_epochs": 5,
  "final_train_accuracy": 56.04838709677419,
  "final_val_accuracy": 56.0
}